{
  "id": "/subscriptions/a67eee7e-70ee-4c95-9cd5-596d233b06b8/resourceGroups/contoso-chat-rg/providers/Microsoft.Resources/deployments/search-service-contoso-chat-aisearch-tb",
  "name": "search-service-contoso-chat-aisearch-tb",
  "type": "Microsoft.Resources/deployments",
  "properties": {
    "templateHash": "4245672836911712547",
    "parameters": {
      "serviceName": {
        "type": "String",
        "value": "contoso-chat-aisearch-tb"
      },
      "location": {
        "type": "String",
        "value": "eastus"
      },
      "sku": {
        "type": "String",
        "value": "standard"
      },
      "hostingMode": {
        "type": "String",
        "value": "Default"
      }
    },
    "mode": "Incremental",
    "debugSetting": {
      "detailLevel": "None"
    },
    "provisioningState": "Running",
    "timestamp": "2024-01-12T00:37:33.0885212Z",
    "duration": "PT9M40.128859S",
    "correlationId": "79b13996-9807-4fa1-a479-59aa469a8a75",
    "providers": [
      {
        "namespace": "Microsoft.Search",
        "resourceTypes": [
          {
            "resourceType": "searchServices",
            "locations": [
              "eastus"
            ]
          }
        ]
      }
    ],
    "dependencies": [],
    "validationLevel": "Template"
  },
  "tags": {
    "primaryResourceId": "/subscriptions/a67eee7e-70ee-4c95-9cd5-596d233b06b8/resourcegroups/contoso-chat-rg/providers/Microsoft.Search/searchServices/contoso-chat-aisearch-tb",
    "marketplaceItemId": "Microsoft.Search"
  }
}