[
  {
    "id": "/subscriptions/a67eee7e-70ee-4c95-9cd5-596d233b06b8/resourceGroups/contoso-chat-rg/providers/Microsoft.Resources/deployments/search-service-contoso-chat-aisearch-tb/operations/2F41E935E2265392",
    "operationId": "2F41E935E2265392",
    "properties": {
      "provisioningOperation": "Create",
      "provisioningState": "Running",
      "timestamp": "2024-01-12T00:37:33.2709114Z",
      "duration": "PT9M38.0381827S",
      "trackingId": "822941c9-71aa-42d7-a952-a6a90614cd19",
      "statusCode": "OK",
      "targetResource": {
        "id": "/subscriptions/a67eee7e-70ee-4c95-9cd5-596d233b06b8/resourceGroups/contoso-chat-rg/providers/Microsoft.Search/searchServices/contoso-chat-aisearch-tb",
        "resourceType": "Microsoft.Search/searchServices",
        "resourceName": "contoso-chat-aisearch-tb"
      }
    }
  }
]