[
  {
    "id": "/subscriptions/a67eee7e-70ee-4c95-9cd5-596d233b06b8/resourceGroups/contoso-chat-rg/providers/Microsoft.Resources/deployments/Microsoft.Azure.CosmosDB-20240111164350/operations/0BB41459BC9AA7A2",
    "operationId": "0BB41459BC9AA7A2",
    "properties": {
      "provisioningOperation": "Create",
      "provisioningState": "Running",
      "timestamp": "2024-01-12T00:44:36.2919985Z",
      "duration": "PT41.236096S",
      "trackingId": "e073704e-7c89-47ad-afea-fa4a74ee5a97",
      "statusCode": "OK",
      "targetResource": {
        "id": "/subscriptions/a67eee7e-70ee-4c95-9cd5-596d233b06b8/resourceGroups/contoso-chat-rg/providers/Microsoft.DocumentDb/databaseAccounts/contoso-chat-cosmosdb-tb",
        "resourceType": "Microsoft.DocumentDb/databaseAccounts",
        "resourceName": "contoso-chat-cosmosdb-tb"
      }
    }
  }
]