{
  "id": "/subscriptions/a67eee7e-70ee-4c95-9cd5-596d233b06b8/resourceGroups/contoso-chat-rg/providers/Microsoft.Resources/deployments/Microsoft.Azure.CosmosDB-20240111164350",
  "name": "Microsoft.Azure.CosmosDB-20240111164350",
  "type": "Microsoft.Resources/deployments",
  "properties": {
    "templateHash": "4422373901073913966",
    "parameters": {
      "name": {
        "type": "String",
        "value": "contoso-chat-cosmosdb-tb"
      },
      "location": {
        "type": "String",
        "value": "swedencentral"
      },
      "locationName": {
        "type": "String",
        "value": "Sweden Central"
      },
      "defaultExperience": {
        "type": "String",
        "value": "Core (SQL)"
      },
      "isZoneRedundant": {
        "type": "String",
        "value": "false"
      }
    },
    "mode": "Incremental",
    "debugSetting": {
      "detailLevel": "None"
    },
    "provisioningState": "Running",
    "timestamp": "2024-01-12T00:44:36.0784713Z",
    "duration": "PT42.4151088S",
    "correlationId": "80de1074-9686-4ea2-9537-b6f7b61543f2",
    "providers": [
      {
        "namespace": "Microsoft.DocumentDb",
        "resourceTypes": [
          {
            "resourceType": "databaseAccounts",
            "locations": [
              "swedencentral"
            ]
          }
        ]
      }
    ],
    "dependencies": [],
    "validationLevel": "Template"
  },
  "tags": {
    "primaryResourceId": "/subscriptions/a67eee7e-70ee-4c95-9cd5-596d233b06b8/resourcegroups/contoso-chat-rg/providers/Microsoft.DocumentDB/databaseAccounts/contoso-chat-cosmosdb-tb",
    "marketplaceItemId": "Microsoft.DocumentDB"
  }
}